﻿Designator,Footprint,Quantity,Value,LCSC Part #
"C1, C2, C3, C4, C5, C6",0805,6,100nF,C49678
J2,DSUB-15-HD_Socket_Horizontal_P2.29x1.90mm_EdgePinOffset3.03mm_Housed_MountingHolesOffset4.94mm,1,VGA,
J3,PinHeader_1x03_P2.54mm_Vertical,1,INT Select,
J4,PinHeader_2x08_P2.54mm_Vertical,1,Conn_02x08_Odd_Even,
Q1,SOT-23,1,BSS138,C78284
"R1, R2, R4, R7",0805,4,1K,C17513
R10,0805,1,390,C17655
"R11, R12",0805,2,22,C17561
"R3, R6",0805,2,2.2K,C17520
"R5, R8",0805,2,470,C17710
R9,0805,1,820,C17837
U1,TSSOP-24_4.4x7.8mm_P0.65mm,1,SN74LVC4245APWR,C7859
U2,TSSOP-20_4.4x6.5mm_P0.65mm,1,74LVC245,C6082
U3,Raspberry Pi Pico,1,Raspberry Pi Pico,
U4,SOIC-16_3.9x9.9mm_P1.27mm,1,74HC138,C5602
U5,SOIC-16_3.9x9.9mm_P1.27mm,1,74LVC138,C6061
