﻿Designator,Footprint,Quantity,Value,LCSC Part #
"C1, C10, C11, C3, C4, C5, C6, C7, C8, C9",0805,10,100nF,C49678
C2,1206,1,10uF,C7171
D1,D_SOD-323F,1,1N5819,C191023
D2,0805,1,LED,C2297
J3,USB_C_Receptacle_HRO_TYPE-C-31-M-12,1,USB_C_Receptacle_USB2.0,C2988369
Q1,SOT-23,1,Q_NPN_BEC,C2150
"R1, R10, R11, R12, R13, R14, R4, R9",0805,8,1k,C17513
R2,0805,1,1M,C17514
R3,0805,1,47k,C17713
"R5, R6",0805,2,5.1k,C27834
R7,0805,1,330,C17630
R8,0805,1,10k,C17414
SW1,SW_TS-1187A-B-A-B,1,Reset,C318884
U1,SOIC-8_3.9x4.9mm_P1.27mm,1,LM555xM,C7593
"U4, U5, U7",SOIC-14_3.9x8.7mm_P1.27mm,3,74HC00,C5586
