﻿Designator,Footprint,Quantity,Value,LCSC Part #
"C1, C10, C11, C12, C13, C14, C15, C16, C17, C2, C3, C6, C7, C8, C9",0805,15,100nF,C49678
C4,1206,1,10uF,C7171
C5,0805,1,10nF,C1710
D1,0805,1,LED,C2297
D2,D_SOD-323F,1,1N5819,C191023
J2,USB_C_Receptacle_HRO_TYPE-C-31-M-12,1,USB_C_Receptacle_USB2.0,C2988369
R1,0805,1,1M,C17514
R2,0805,1,47k,C17713
"R3, R7, R8",0805,3,1k,C17513
"R4, R5",0805,2,5.1k,C27834
R6,0805,1,330,C17630
SW1,SW_TS-1187A-B-A-B,1,Reset,C318884
U1,SO-14_3.9x8.65mm_P1.27mm,1,74LS04,C6796
U2,SOIC-8_3.9x4.9mm_P1.27mm,1,LM555xM,C7593
